
INSERT INTO movie_actor (id_movie, id_actor)
VALUES (1, 1),
       (1, 48),
       (1, 23),
       (2, 21),
       (2, 10),
       (2, 14),
       (2, 49),
       (3, 6),
       (3, 22),
       (3, 23),
       (4, 11),
       (4, 24),
       (4, 25),
       (5, 7),
       (5, 17),
       (5, 20),
       (5, 26),
       (5, 3),
       (6, 1),
       (6, 27),
       (7, 29),
       (7, 28),
       (8, 30),
       (8, 31),
       (8, 32),
       (9, 8),
       (9, 33),
       (10, 34),
       (11, 14),
       (11, 49),
       (12, 35),
       (12, 36),
       (13, 37),
       (13, 38),
       (14, 39),
       (14, 2),
       (15, 40),
       (15, 41),
       (15, 42),
       (16, 18),
       (16, 43),
       (17, 33),
       (17, 41),
       (18, 9),
       (18, 44),
       (19, 7),
       (20, 45),
       (20, 46),
       (20, 47);

INSERT INTO movie_director (id_movie, id_director)
VALUES (1, 1),
       (2, 1),
       (3, 1),
       (4, 21),
       (5, 22),
       (6, 4),
       (7, 17),
       (8, 5),
       (9, 23),
       (10, 12),
       (11, 6),
       (12, 24),
       (13, 8),
       (14, 25),
       (15, 18),
       (16, 15),
       (17, 8),
       (18, 9),
       (19, 26),
       (20, 27);

INSERT INTO movie_genre (id_movie, id_genre)
VALUES (1, 8),
       (1, 5),
       (2, 8),
       (2, 3),
       (3, 1),
       (3, 11),
       (4, 8),
       (4, 5),
       (5, 1),
       (5, 8),
       (6, 7),
       (6, 3),
       (7, 11),
       (7, 3),
       (8, 11),
       (8, 4),
       (9, 7),
       (9, 16),
       (10, 3),
       (10, 5),
       (11, 2),
       (11, 8),
       (12, 11),
       (12, 3),
       (13, 8),
       (13, 2),
       (14, 3),
       (14, 11),
       (15, 2),
       (15, 9),
       (16, 1),
       (16, 2),
       (17, 8),
       (17, 5),
       (18, 11),
       (18, 3),
       (19, 1),
       (19, 8),
       (20, 9),
       (20, 2);
